Feature,Mean_Absolute_SHAP
F638,0.9003682782626459
F2360,0.48828463940173633
F656,0.3119145224877196
F692,0.2734724892794452
F2356,0.25628905393140344
F627,0.20577248421486466
F684,0.18963245399651188
F931,0.1791148577440954
F33,0.16731142551686393
F504,0.1600244557893484
F590,0.15586022179330197
F616,0.15514019569070012
F2365,0.14868152550004973
F621,0.13626895180806295
F1061,0.13407228080170502
F2364,0.10867243715742589
F106,0.10242717192341598
F579,0.09898319390558184
F516,0.09348537046839477
F612,0.08605177875002022
F787,0.08445662641053317
F497,0.08369794792314654
F2355,0.08290148183281619
F532,0.08065866591687726
F785,0.07953355540728421
F952,0.07422317616503527
F995,0.07205784246868673
F686,0.06900352804531294
F514,0.06766077587097186
F2353,0.06548566340285909
F96,0.06536628747700504
F605,0.06355544680220487
F573,0.06193098307825002
F126,0.060211474149930944
F597,0.05890468993907655
F633,0.057767688110823716
F693,0.05755680806824848
F571,0.05698496775366105
F512,0.05666495773155461
F614,0.05660933872904378
F606,0.05598582658685856
F2352,0.05557825116089346
F555,0.052179408530272496
F501,0.05215481470735849
F2376,0.05191361716092574
F2354,0.0501625526325885
F129,0.050101471104487774
F2,0.04907278429995334
F56,0.04724227159463303
F776,0.04624037504601891
F678,0.046225338319378514
F661,0.045958743451403425
F2361,0.04573015406395992
F256,0.04552860576820384
F124,0.04493450636851693
F1044,0.044585601858755215
F257,0.04444212570810979
F666,0.04242152532219034
F728,0.04175749236213587
F836,0.04121360487885396
F682,0.0410511571833917
F5,0.03964712102022646
F1012,0.03956788978253567
F2357,0.03871505065936459
F114,0.038187335126975905
F641,0.03782175031085438
F2096,0.03758915693332363
F1609,0.03744155735327954
F604,0.0370930001685853
F2211,0.03633518419979713
F587,0.03617197110801485
F802,0.036065792238621414
F640,0.03557626592127757
F2160,0.03487111377460928
F121,0.03342729697134884
F711,0.033376341492850764
F737,0.03321076564366948
F107,0.03274384882608517
F233,0.032051590562238066
F837,0.031979923907883914
F659,0.03184234541804805
F811,0.030876276349684692
F565,0.029654868704652976
F726,0.029273038095893118
F427,0.029181340811702424
F385,0.02909690030819838
F374,0.02858495753577666
F57,0.028383104482143828
F617,0.028068679593690245
F1367,0.02786270281068278
F618,0.02784286053923836
F1570,0.027760628812311703
F535,0.027580869771448007
F588,0.02720439060884234
F2362,0.026754273731183206
F690,0.0258620290763812
F387,0.025693165976246955
F530,0.02512821792814486
F1452,0.024839740758574043
F826,0.024798285802447553
F2363,0.02449237267173904
F603,0.02444256970256612
F44,0.024338696849908092
F619,0.023946742167664285
F528,0.023852547267459737
F503,0.02370376474516267
F120,0.023566113317774
F70,0.023358794438358577
F22,0.023288614663109795
F680,0.02292600631309901
F922,0.022362439167542186
F511,0.02231478760495974
F556,0.022200385493387022
F835,0.022118670156708167
F1378,0.02176755799722563
F749,0.021290291496517386
F786,0.02120603774932089
F560,0.020691886054082197
F620,0.020102908193681737
F154,0.019998892947506838
F376,0.019559082044340224
F255,0.019490724227293116
F683,0.019309564342359385
F566,0.019305462750903044
F568,0.019252676673947124
F533,0.01891826071021804
F586,0.018692444330544022
F209,0.018657522267146138
F254,0.018576974486566963
F53,0.018501701779694374
F545,0.01841549674896741
F1598,0.018371025334039816
F1734,0.018329103834065538
F62,0.018192082402133453
F69,0.018062702850187774
F234,0.018000982308965165
F370,0.01798060354198318
F52,0.017884685996785162
F974,0.017784292035796692
F799,0.017674091119235083
F199,0.017626093266624964
F110,0.017564148332424246
F1242,0.017546832766848874
F64,0.0172220010665021
F313,0.016953167990262762
F613,0.01670094084234515
F541,0.016570295936078047
F164,0.016265778997798897
F552,0.016026551412962057
F67,0.015888815290654994
F220,0.01570813185254637
F655,0.015680206063701137
F515,0.015489567921541922
F11,0.015367961944694324
F531,0.015360515784758562
F534,0.015353244496784298
F1547,0.015303757252502296
F525,0.015148477729201979
F117,0.015120351070734004
F89,0.014926075268760797
F699,0.014864085007640849
F2377,0.0147307375107218
F1395,0.014608401052306453
F2200,0.014416487795246015
F416,0.014382683321640395
F689,0.0143151288483738
F549,0.014200686566032891
F134,0.014134750154638972
F105,0.014121865468079045
F461,0.014088538321112374
F2172,0.014061059207156265
F378,0.013986076913923609
F237,0.013906325560930313
F2373,0.013875631394078628
F551,0.013795140285403846
F20,0.013788299433143613
F195,0.01373998954086678
F1432,0.01373433639067263
F2226,0.013660865764682015
F498,0.013547694535070128
F1161,0.01354377088038693
F808,0.013529369210410038
F2079,0.013454755308193624
F433,0.013379845520300726
F599,0.013360877825278245
F136,0.01324111873547781
F529,0.013214658399150257
F81,0.01321061894479422
F411,0.013186673259687927
F249,0.01315464257340989
F735,0.012928897648797878
F1942,0.012814397697086673
F111,0.01278365605725548
F190,0.012729007124537992
F49,0.01264000241685026
F2216,0.01261919992755329
F135,0.012607372407128942
F1202,0.01247071272911946
F45,0.012464775715288747
F112,0.012334502051852278
F10,0.012214655057518519
F681,0.012084170179642004
F375,0.011915601028156144
F58,0.011856614571684774
F523,0.011763005815855097
F471,0.011759681423958118
F602,0.01175398241833039
F68,0.011752677752374527
F581,0.011698348089876475
F1735,0.011666649216733714
F72,0.011654223502967053
F2163,0.011653839981609349
F2021,0.011480733032906507
F1156,0.011408810393679072
F1216,0.011374276544746344
F1145,0.011345449890980613
F572,0.011310819779083483
F410,0.011239845500347435
F1527,0.011215547180985275
F223,0.011122230243439425
F431,0.011103829589939605
F2100,0.011090655800934563
F464,0.011056182288750655
F8,0.011021735832048282
F543,0.011008283116775642
F557,0.010984457300408703
F41,0.010905953807617226
F1412,0.010901654744387385
F48,0.010901112567380727
F247,0.010821476728253789
F429,0.010775469251251184
F540,0.010718006241669697
F218,0.010673894051413144
F554,0.010640715806081889
F98,0.010569969329273737
F778,0.010515292552065198
F584,0.010422974132273208
F109,0.010417362896438867
F90,0.010341002117498888
F400,0.010281595512113637
F594,0.010271914411592887
F596,0.010162509375674214
F513,0.010151038711742989
F589,0.010039534595261084
F415,0.00996440244641809
F7,0.009945544104904922
F550,0.009934243857742789
F2379,0.009916650422826372
F30,0.009803319549725117
F60,0.009728795514994022
F241,0.009705069658946377
F224,0.009695609809111574
F708,0.00966175779298794
F184,0.0096339939668024
F138,0.009576666093107058
F1506,0.00956889601743405
F1247,0.00953275795613512
F371,0.009475664327501123
F426,0.009433811717727362
F133,0.00940420161118639
F508,0.009361060624481108
F593,0.009330762608228897
F642,0.009237833952273513
F36,0.009124585658921177
F145,0.009103018718688217
F320,0.009042662512759706
F26,0.00903050451810081
F329,0.009019629754988004
F772,0.00901560065891612
F576,0.008997886553646141
F520,0.00896447598814405
F1594,0.00894548558455066
F118,0.008902197516593787
F1062,0.008892665598915498
F345,0.008857145769156095
F608,0.00883346274653963
F227,0.008802583832464758
F582,0.008748312939455778
F487,0.008737274436968262
F507,0.008709593469095021
F1523,0.008690665452520382
F132,0.008687262213047931
F236,0.008669357850357325
F2005,0.008615069051385255
F142,0.008600680865869705
F141,0.008528433071920966
F472,0.008471212983967979
F173,0.008412332022714526
F76,0.008393235770406562
F494,0.00833430177936157
F373,0.008301633161372961
F232,0.008296120455387091
F182,0.008267356544372426
F183,0.008261688568656098
F4,0.008241476780361861
F1690,0.008234911698762813
F1482,0.008230427233629559
F591,0.008193648286910419
F322,0.00818875209595284
F144,0.008180003203717404
F362,0.008155175572044395
F336,0.008054631819162019
F54,0.008043913433920323
F6,0.008040067226677123
F354,0.008028117612002401
F159,0.00792011440322302
F103,0.00789755138365543
F1943,0.007891225416134502
F569,0.007882471424224059
F1112,0.00787360790907064
F2189,0.007869958281874112
F1255,0.007864919885925682
F321,0.007858734120750895
F583,0.007815955109214517
F546,0.007786160595749213
F585,0.0077783269211328075
F50,0.007776449408556176
F394,0.007729588367439046
F485,0.007671609825728204
F9,0.007665477391842123
F101,0.007631977692683884
F506,0.007554600650247303
F885,0.007517417418808152
F562,0.00751251765856449
F388,0.007451604275355767
F270,0.00744685098244848
F186,0.007387372064710142
F821,0.007367933563713409
F391,0.007358424172178159
F339,0.007354232876369395
F798,0.007336421833869771
F2381,0.007302784657298594
F2061,0.00722332161497011
F357,0.00721986533442214
F185,0.007205804803562306
F188,0.0071968351961378164
F452,0.007178781133693535
F601,0.007162296963966792
F484,0.007134597163253942
F398,0.00712251363490364
F567,0.007117888227960295
F187,0.0071151071946221785
F390,0.007099942533208143
F810,0.00709677071956602
F2086,0.007043163517593903
F687,0.0070357871285477835
F758,0.007031006140903455
F205,0.007012884680403501
F423,0.00700854140644862
F1554,0.007005373204466492
F1560,0.006988906767763391
F561,0.006985008538937144
F1381,0.006948574636401941
F570,0.006932294550059776
F450,0.006907486978313122
F1694,0.006905770653819856
F399,0.006903305629369499
F2072,0.0068932164418058885
F208,0.006883286581273157
F435,0.006863871128239314
F1191,0.006842866133480033
F149,0.006798225067295407
F976,0.006791984397275877
F84,0.006786763554246609
F1541,0.0067573130123549105
F526,0.006754209677896795
F3,0.006735006825562154
F244,0.00668855528263053
F455,0.00668201164502937
F221,0.006677608827774052
F1464,0.006676055984256021
F210,0.0066706366863828635
F578,0.006623380227254512
F489,0.0066084708683227045
F1800,0.006595999451196998
F575,0.006553680880126934
F428,0.006511466815731745
F212,0.006491677484735238
F598,0.006421469425322492
F71,0.0063967376531813835
F113,0.006389281121657006
F2378,0.006369356882418632
F519,0.006355472752522193
F473,0.0062612457403113005
F1144,0.006241223109977149
F386,0.006239388750964515
F2048,0.006239112650746872
F1811,0.006213264858933167
F18,0.0062057492819201495
F37,0.006202414781630725
F1614,0.006196822957999572
F1787,0.006184739531949145
F43,0.00616877318061452
F128,0.006164675888736874
F116,0.006157138863329965
F564,0.006110107036657113
F1328,0.006105456160357517
F1310,0.006104761085649852
F419,0.006068826397195329
F139,0.006062022398177557
F147,0.006050979261812575
F2142,0.006049285704669103
F360,0.0060325760491784204
F1739,0.0060227289699306494
F505,0.0060116238758736226
F430,0.006007758995586293
F542,0.006001585008919707
F123,0.005964861978419579
F55,0.005932231788009171
F1226,0.0058938644055632
F228,0.005885948592952866
F160,0.0058827284399983835
F1325,0.005876330231796582
F595,0.0058686488116355
F521,0.005825151575662286
F295,0.0058187402180906725
F459,0.0058067094853388205
F592,0.0057768334120397126
F51,0.0057636785570213366
F175,0.005755014687012643
F65,0.005730630224418982
F16,0.005713121745376275
F13,0.005708066458843288
F21,0.005701531541003299
F1405,0.0056645433982633695
F766,0.00565882584034427
F495,0.005654934901199658
F509,0.005564887595370018
F2185,0.005563701734978022
F78,0.005552036835515834
F1287,0.005532263618662919
F266,0.005530818984173775
F2118,0.005528189286175041
F2128,0.005523830778471363
F379,0.005480982340247203
F408,0.00547500691227846
F424,0.005423959795121026
F624,0.00541539756414066
F95,0.005396032145006343
F414,0.0053915638445314355
F548,0.005379744012190979
F1602,0.005378090288178722
F240,0.005355172026049642
F14,0.005338055753282166
F1163,0.005334982775660335
F1646,0.0053305834558350085
F119,0.005316991850744735
F407,0.005315353460700615
F1708,0.005304893210018535
F100,0.0053027708502018985
F547,0.005276733967872204
F338,0.005274183256443863
F559,0.005229431159246035
F1439,0.005225989819730368
F23,0.005209508026264112
F1515,0.005205931243949285
F1974,0.005185996304305067
F763,0.005152791392981587
F553,0.0051492150253993375
F1444,0.005148764149763348
F217,0.005139911537162249
F1277,0.005091785718800653
F130,0.005065136190810139
F502,0.005053464248299421
F493,0.005027478575051175
F1546,0.005004982001295808
F1309,0.004994923776278438
F643,0.004991937539239664
F537,0.004977152919251446
F252,0.004974332974324953
F246,0.0049695540891557385
F384,0.004968167072128314
F1611,0.00494287683719061
F832,0.00490663081029245
F644,0.004900943677250755
F200,0.00489394457340289
F131,0.004885802230348224
F125,0.0048818647100907445
F432,0.004859121717483324
F492,0.00483716770123215
F1299,0.004834113437242055
F1263,0.004817665842688888
F474,0.004793165594805126
F305,0.004774420318637563
F1837,0.004771013086562459
F140,0.004757951256985175
F358,0.004735463678424193
F127,0.004722504652182641
F214,0.004696839190334847
F577,0.004695577914628226
F2111,0.00468587940058331
F402,0.004685036992713209
F1949,0.004681620970765129
F1830,0.004636603615718423
F2000,0.004625572351757763
F1813,0.004615677800065248
F283,0.004611667858516162
F469,0.004611303089826085
F441,0.004599447293150343
F274,0.004597008426902379
F2010,0.00457764557160093
F75,0.004570352996333771
F779,0.004552593264123406
F363,0.00454191084102021
F150,0.00454114346620933
F290,0.004539997459574135
F323,0.0045167590245007395
F94,0.004510048282796738
F174,0.004487897248964097
F196,0.004485437645492869
F499,0.004481193561990355
F517,0.004475472876774073
F2237,0.004447103392821564
F168,0.004435896285363021
F1725,0.004430302212178591
F396,0.004421609991732298
F35,0.004381136149225412
F307,0.004369749059776927
F39,0.004344548491826084
F1854,0.004338867384476567
F403,0.0043377722879640425
F1698,0.004337194942220155
F1794,0.004316505357404558
F219,0.004313347603742102
F406,0.004309152786010123
F1210,0.004300314202585835
F86,0.004299219178236429
F161,0.004296122423400774
F744,0.004295070523573986
F1415,0.004246980699148422
F194,0.004231251897095873
F32,0.004229922011773997
F1752,0.004217177517785234
F80,0.004212833730600924
F420,0.004199903493220576
F202,0.004185919623022597
F73,0.004183346295490887
F1877,0.004171243372690542
F248,0.004152284061348904
F1946,0.004109979418664261
F1665,0.0041055710011594585
F198,0.004100667414656404
F87,0.004100182246722479
F1565,0.004083882750363791
F63,0.004083284568372595
F238,0.004067079125336326
F359,0.0040620770464166785
F1175,0.004060267345636898
F25,0.004047192086534297
F361,0.004027679073683857
F404,0.004013881309164329
F296,0.004006210769382267
F372,0.00399970284425532
F395,0.003951421198296963
F607,0.003941512000708073
F969,0.00394139061288799
F761,0.003938563356763286
F216,0.003930603801267638
F315,0.00392901697292326
F1517,0.003908986934470313
F193,0.0039001201648942246
F401,0.003896016843867275
F287,0.00389309497025153
F443,0.003892414439137119
F242,0.0038838707931125073
F623,0.003882926653346202
F425,0.0038701732849985813
F292,0.0038678196885112005
F1264,0.0038530298464384337
F88,0.0038343680420840735
F1313,0.003832012722115976
F522,0.003813280017631355
F1774,0.0038109806986732194
F1377,0.0038044426153648813
F97,0.0038019931142542727
F377,0.0037869927909955216
F574,0.003754855348570346
F685,0.0037505545894000593
F439,0.003747467922102906
F1696,0.0037384398548724464
F1437,0.003728815562715216
F352,0.0037230910665281263
F2374,0.003694165852123887
F600,0.003661847258540853
F706,0.0036581431546067844
F2012,0.003644505603898096
F458,0.003642902252219316
F418,0.0036033865611181833
F1399,0.0035951893960914165
F157,0.003582165407269903
F213,0.0035507776188512907
F1679,0.003529249498473705
F1799,0.003527625702075824
F47,0.0035249856036981
F263,0.0035214012853323658
F325,0.0035193757973249608
F734,0.0035067864598651234
F201,0.0034936832044853545
F229,0.0034922876478931187
F2179,0.0034880058336011566
F104,0.0034849502883928115
F829,0.0034748192070619206
F77,0.0034678666078010053
F1906,0.0034644032604813635
F1306,0.003449737251044658
F863,0.0034356560748681204
F510,0.003434846583147075
F615,0.0034285994692290645
F611,0.0034199706251952767
F215,0.0034094011681586557
F243,0.0034026137415097755
F1470,0.0033971501229914745
F580,0.0033762703039396783
F2090,0.0033760833412494477
F17,0.0033759287457630184
F1626,0.0033748380030318615
F389,0.00337374156799319
F688,0.003370324158599832
F2301,0.0033456153100323194
F1753,0.0033286224930745545
F318,0.00331013231869915
F102,0.0032971107036482523
F178,0.003294098751456985
F146,0.0032881615104709484
F2265,0.0032879432475101784
F251,0.003280404760202655
F2359,0.0032775155780124954
F2057,0.0032763568745122567
F959,0.0032671687297471546
F442,0.003266248454164577
F1919,0.0032642174609997694
F1529,0.003256617447417771
F2014,0.0032361000655350726
F1025,0.0032130661579153415
F476,0.0032077305954508663
F1364,0.0032021184831228133
F258,0.003187196954186676
F1050,0.003156000681732066
F1566,0.0031519670833670154
F85,0.003141823386214657
F449,0.003141058510911484
F1237,0.0031350936785452064
F2059,0.0031348765523898105
F1928,0.003121891194223768
F1074,0.0031206917306277667
F736,0.0031049501758046044
F1824,0.003098423227728283
F79,0.003077907474020827
F440,0.003066671722328339
F1218,0.0030547724061410287
F782,0.003041655547551565
F1418,0.00304062178326186
F330,0.0030356475521017066
F355,0.0030330773953844386
F74,0.00302890653034058
F2031,0.003017157816637561
F143,0.0030149725823977263
F115,0.0030044117567347866
F434,0.002989621066361097
F454,0.0029768794195844687
F468,0.002957262649031341
F481,0.0029553914778477856
F558,0.0029472496793631186
F2058,0.002934019368451781
F260,0.002927256553061489
F825,0.0029268097351910697
F982,0.002901960716059193
F279,0.0028957482139028647
F1850,0.002879278902309426
F59,0.0028766066141460633
F2035,0.002874324400737814
F563,0.0028488331274720445
F155,0.0028483488634304917
F1941,0.0028388615827281494
F1778,0.0028305290636066725
F326,0.002830405192154396
F204,0.002817591759376558
F364,0.0028162756389409427
F19,0.002812213722288853
F987,0.002795592155277364
F806,0.002790121779369902
F1781,0.002783435322576641
F448,0.002778994231593882
F800,0.0027758675077528532
F1857,0.0027746273629181083
F341,0.0027576752072280396
F2169,0.002735553973171666
F207,0.0027340243706004148
F1918,0.0027271295837474705
F409,0.0027001885514832996
F2173,0.002696476994263095
F2085,0.0026883962856712497
F478,0.0026854426566805777
F480,0.002682841735392666
F91,0.002681218003934544
F2064,0.002676693333837822
F1251,0.0026645565093491048
F306,0.002652827452272091
F181,0.0026365971852855084
F122,0.0026357277348916914
F365,0.0026125378676295622
F539,0.002591789215783684
F314,0.0025894930373955823
F344,0.002585718133940306
F1899,0.002583408393750228
F421,0.0025774112890995806
F463,0.002575544619917836
F304,0.002569585728033273
F457,0.002569216237771662
F446,0.0025685810754202463
F253,0.0025452267680145997
F12,0.0025402625894814248
F451,0.0025362680352408263
F382,0.0025337974582010266
F1846,0.002530106284054211
F828,0.0025271488890953463
F1400,0.0025248989905625476
F444,0.0025144625321753306
F192,0.002477264953670163
F40,0.0024732123017632114
F405,0.0024699053974944324
F137,0.002466328949923269
F1342,0.002465887258335828
F286,0.0024609896442627593
F1253,0.0024456800004251738
F1764,0.0024450763574518706
F2095,0.002445060897190354
F1697,0.0024363528810816128
F436,0.0024295196441734453
F206,0.0024244674366059914
F1938,0.002422224066127561
F2053,0.002413292736731577
F288,0.002412049045278985
F759,0.0024090613474871177
F1887,0.0024087115519691236
F2098,0.0024074677747088842
F272,0.0024052199237668158
F490,0.0024012681114548994
F1888,0.0023987125849782853
F1250,0.002394818369886468
F2372,0.0023845087266278066
F346,0.002383454075371619
F211,0.002380448093707743
F2222,0.002364446638537415
F625,0.0023627557809847368
F28,0.002340073885914515
F538,0.0023399275508592244
F197,0.002325972451252835
F1867,0.0023230418555711726
F1879,0.002307766437728571
F1268,0.0022914573104777015
F1562,0.002291207628116741
F342,0.0022820362928479584
F366,0.002281901911060157
F397,0.0022801008060235575
F2071,0.002272375098844201
F844,0.0022638746568066554
F1902,0.0022583842634799857
F1937,0.0022565920821812093
F392,0.0022551172963414744
F353,0.0022543376361926124
F332,0.0022518999344674565
F453,0.0022323834345143803
F368,0.002225994387513491
F1829,0.002216431735493684
F239,0.0022102479393642533
F518,0.002207887389096615
F1720,0.0022040094670739
F610,0.0022031395512895997
F42,0.0022021551518322854
F245,0.002185349424628581
F536,0.0021843291882071166
F1401,0.002183586708508337
F27,0.002166708598806675
F1540,0.0021472632029847674
F2159,0.0021416405714359587
F324,0.002130047806877759
F1640,0.002127534208911247
F151,0.0021113662258053505
F1722,0.002090577202916986
F2358,0.002087351563792324
F1308,0.0020855798130328083
F1567,0.002083071856966084
F1581,0.0020790201856335515
F784,0.0020637738939679874
F1931,0.002056616947576528
F1526,0.002052973507383056
F1324,0.0020517272307450777
F334,0.0020501235524726337
F316,0.002041796863621678
F760,0.002039306721490306
F1604,0.002037095097301766
F1481,0.00203463112430271
F2007,0.0020330735817485983
F235,0.002031960726710125
F465,0.002011034273715828
F340,0.002006561410226919
F544,0.0020035328625947297
F93,0.0019939200076140857
F2019,0.001989981764165357
F467,0.001989140173464736
F657,0.001980635117838217
F2115,0.001963500380512463
F456,0.001957520453907764
F2011,0.0019508963170038291
F1820,0.0019437987421935658
F437,0.0019200615071566576
F917,0.0019157496365892744
F380,0.0019153036018066383
F1480,0.0019086197972570252
F1709,0.0019082937968860542
F1339,0.0018943745055946038
F179,0.0018922049878201696
F1572,0.0018906867646482847
F328,0.0018848458243907176
F1521,0.0018732329530685148
F337,0.0018704748517755611
F1298,0.0018671490878086905
F2136,0.001854123685428805
F479,0.0018462473159218502
F1633,0.001840070361706723
F291,0.0018294622602381874
F222,0.0018162046476315917
F907,0.0018144474488640155
F1989,0.0018125344841598476
F2080,0.0018078518460720972
F191,0.0018013114633547165
F1465,0.0018002031203941727
F412,0.0017899425391728796
F447,0.0017625943534330597
F466,0.0017603810971089007
F264,0.001754623974116306
F500,0.001736280118742318
F1686,0.0017338454584917998
F1660,0.001729396251269025
F722,0.0017268757918775983
F153,0.0017212671001163116
F83,0.0017106510419354058
F1525,0.0017051654869962032
F747,0.0017016995390961528
F1388,0.0016825203440818176
F1559,0.0016693584054762289
F1812,0.001652871169827857
F99,0.001637867200178857
F1728,0.0016321767100919181
F276,0.0016191488682645275
F2093,0.001612242039951879
F108,0.0016115292697880057
F1533,0.001608578476556912
F284,0.0016008304507486614
F2146,0.0015989361090959847
F871,0.0015949747324373272
F488,0.0015935481790216447
F2092,0.0015902892267903588
F1748,0.0015891253192369366
F713,0.0015868905321533707
F331,0.001583840151373203
F230,0.0015805983853067146
F1330,0.001579881018764538
F964,0.0015683873816214832
F261,0.0015656975568013383
F679,0.0015651194515425776
F1831,0.0015560611532335921
F462,0.0015492833641449222
F2009,0.001547439269095944
F417,0.001539819170787314
F156,0.001538927139763571
F1839,0.0015342667246268074
F2130,0.0015294964262711408
F2052,0.0015291394470238937
F92,0.0015125465425578001
F203,0.0015055026363591834
F1852,0.0015037517665016198
F1934,0.0014963668344456376
F1275,0.0014935354977000243
F1833,0.0014829682715378411
F167,0.001481926932201264
F356,0.001479711767419994
F496,0.0014701519794254427
F1394,0.0014678128985795092
F226,0.0014606795132665366
F1821,0.0014487798063772467
F29,0.0014446864702701131
F2238,0.0014417660697475735
F177,0.0014399626533508423
F1921,0.001439876436713411
F955,0.0014387572857163136
F1664,0.0014373196759749462
F2190,0.0014330424414701396
F148,0.0014282273439612052
F527,0.0014122937065764905
F1823,0.001407832712965635
F1413,0.001407277701717269
F311,0.0014061618821666574
F1450,0.0014060927750596441
F2026,0.0014060245232951993
F2141,0.0014045326110908132
F1727,0.0013997287355300007
F965,0.0013981666077615509
F1096,0.0013954667800212949
F1999,0.0013912419725839271
F1169,0.0013869405152347224
F319,0.0013822510196182696
F1676,0.0013687170833069618
F1750,0.0013623910497980163
F225,0.0013583961563120432
F2039,0.0013583239098626592
F82,0.001354516220833343
F2109,0.001350014057627974
F483,0.0013475381842149479
F2375,0.0013406076635645355
F1668,0.0013400348735467052
F698,0.0013394945816644624
F716,0.001336082561800997
F38,0.00132295382149837
F2054,0.0013221960909589236
F1716,0.0013204240569027897
F335,0.0013114840721901158
F1985,0.0013108098584402065
F1004,0.001303513106674509
F894,0.0013025647656504011
F1558,0.0012996911080357656
F1555,0.001291618913885736
F1204,0.0012908116002248809
F66,0.0012771755429094216
F2110,0.0012751959854024081
F1236,0.0012686800994399171
F163,0.001265719061395905
F348,0.0012652647585944018
F2188,0.001262009013911631
F297,0.001247470739880058
F2027,0.0012453496008728434
F2295,0.0012412455360827671
F1997,0.0012310093087000383
F1849,0.0012207438861933234
F1425,0.0012100590042262154
F2049,0.001206076791139319
F2108,0.0012019697557934471
F1512,0.0012017651960275443
F259,0.0011945986855395698
F482,0.001191076914537397
F2293,0.0011901705997869022
F327,0.0011892017523247235
F2074,0.001188917380070173
F1524,0.0011670857552802288
F34,0.0011636833902345925
F973,0.0011570084529310552
F1,0.0011557465059633823
F1461,0.0011506708991834357
F524,0.0011328868196680032
F31,0.0011112966958599488
F929,0.0011098146690844029
F470,0.0011063886304925822
F1994,0.0011047948890318853
F309,0.0011017335028804319
F1859,0.001096247211699269
F1895,0.001086861370298576
F1742,0.001081294782452
F170,0.0010745480203135944
F1281,0.0010677778872426546
F300,0.001058844809261509
F383,0.001052805083339287
F347,0.0010478762384888308
F2107,0.0010349715750281245
F1477,0.0010165751493799301
F1959,0.001011957516289953
F367,0.0010060090028563397
F752,0.001001626281860289
F1865,0.0010011635208185725
F1635,0.0009974457140631617
F176,0.0009960980391893264
F1817,0.0009922906602144923
F1819,0.0009908262314743067
F268,0.000987958375111832
F369,0.0009820356252372992
F1922,0.000981609136354797
F1345,0.0009811236076142148
F1978,0.000978367513597428
F1467,0.0009762840243104885
F1038,0.000964952474563007
F61,0.0009645538596706509
F1803,0.0009640666997522176
F1661,0.0009639711848477834
F1713,0.0009601334438710193
F2195,0.0009561469787066647
F1066,0.0009518465858344621
F413,0.0009488290202873414
F231,0.0009481733339753506
F1334,0.0009457567775904797
F162,0.0009446329087454404
F1804,0.0009422173006493812
F2091,0.0009378276916450288
F1538,0.0009375231921910052
F1649,0.0009291241459903446
F2302,0.0009241164449738798
F1684,0.0009228407689406327
F1669,0.0009130381502144841
F1723,0.0009067612312999642
F24,0.0008941190705834844
F1184,0.000892707201939987
F1252,0.000891665414695327
F2162,0.0008886023918146375
F1986,0.0008882334913858332
F1662,0.0008859278348804763
F1448,0.0008854534350771992
F1346,0.0008819860612172513
F1167,0.0008808657775223312
F301,0.0008803404693969077
F2371,0.0008781567233532889
F1030,0.0008721049799949186
F1362,0.0008713608373186119
F491,0.00086754255884108
F1303,0.0008592790220053773
F1495,0.0008592041195424685
F2252,0.0008569777157827003
F393,0.0008482282903455337
F312,0.0008427263283721884
F1431,0.0008381418269820662
F771,0.0008360139804459476
F833,0.0008347510293533755
F2094,0.0008267846689023564
F1392,0.0008264372877791444
F815,0.0008234021752955705
F477,0.0008211167694561286
F1827,0.0008174183795719075
F333,0.0008168187480929122
F1316,0.0008167804037507487
F1534,0.0008161349130032117
F172,0.0008150916096356515
F169,0.0008112291005109215
F1561,0.0008110626562576285
F1582,0.0008103956124382941
F1929,0.0008069243480559971
F1496,0.000806550042926001
F189,0.0008043007856538881
F2215,0.0008042141751431122
F1995,0.0008039488200186052
F1680,0.0007994689401827775
F1757,0.0007962779863333538
F1348,0.0007953784139651036
F2143,0.0007934059043201527
F1751,0.0007913114308097248
F2155,0.0007895396039630905
F2202,0.0007872129498271475
F696,0.0007790773376385152
F273,0.0007783472710903362
F1426,0.0007782564400441687
F823,0.0007773810220431779
F1279,0.0007749085642842213
F351,0.000769625681463764
F486,0.0007600559700278397
F1372,0.0007598184156209204
F166,0.0007540347299076381
F2116,0.0007527624416020222
F1373,0.0007510582921750286
F2205,0.0007473825937578582
F1338,0.0007429376554484499
F705,0.0007416904465198418
F1369,0.0007399607780857485
F1290,0.000739587963772057
F1793,0.0007392274653178762
F349,0.0007319543322865256
F262,0.0007260838985285799
F381,0.000709304575030103
F1317,0.0007012462719485534
F1667,0.0006996301389923956
F2040,0.0006995615596910903
F1508,0.0006986782227116473
F1643,0.0006953406985531567
F1411,0.0006922630977418554
F293,0.0006910005346843186
F267,0.0006904567836290846
F791,0.0006893063887786815
F422,0.0006750816840631693
F265,0.0006717584537394897
F1384,0.0006682812986687362
F2213,0.000667963422990011
F1211,0.0006662362843850174
F1683,0.0006655430448613948
F1670,0.0006650416647375879
F2081,0.000663527271808876
F1968,0.0006603804877258711
F1246,0.0006489763599972204
F1866,0.0006415948992256728
F997,0.0006323496813907996
F1557,0.0006282533911522387
F280,0.0006264495939755189
F1816,0.000624976823895985
F740,0.0006233305531370941
F1615,0.000619525326393483
F2348,0.0006189634517394266
F2218,0.0006185026663859447
F1780,0.0006136359853450376
F1762,0.0006116909274915749
F1737,0.0006104227240881849
F152,0.000609386053508784
F1078,0.0006045261218873308
F2223,0.0006019631758089305
F2102,0.0005981083453501099
F1880,0.0005972360608727714
F2051,0.0005931033467283429
F310,0.0005902545875589186
F343,0.000589608704814297
F1897,0.0005880844872746966
F1212,0.0005880639803527215
F350,0.0005838165952056589
F1950,0.0005815335840346185
F289,0.0005803519108551849
F1060,0.0005795292819010943
F2151,0.0005745224536555759
F1733,0.0005719206752867669
F1818,0.0005706140607960804
F2327,0.000564542040594982
F1884,0.0005644504886512617
F609,0.0005643071083335022
F1789,0.0005623684770342773
F1284,0.0005620324938445156
F1040,0.0005620206127806338
F299,0.0005554105080029368
F945,0.0005456231579608899
F757,0.0005450743725609852
F1353,0.0005386138496943243
F1703,0.0005341367607814612
F883,0.0005326919223263562
F303,0.000529059421586371
F1542,0.0005266698953635506
F1417,0.0005161314957834072
F941,0.0005145859802630421
F788,0.0005141034235253272
F1758,0.0005123218398729744
F438,0.0005096656333890611
F1783,0.0005031998636935013
F445,0.0005022081977458982
F1589,0.0004987834405601598
F1419,0.0004970371858144053
F275,0.0004931348560334218
F748,0.0004921990663544991
F2283,0.0004913806824948536
F1743,0.0004907934561680701
F2319,0.00048809055428288825
F1297,0.0004783923263211136
F308,0.0004750921808197108
F1650,0.0004697919937139451
F1644,0.00045784475597599334
F1438,0.00045680372174502945
F1458,0.00045460530628285776
F2002,0.00045425751970544265
F2157,0.0004523361910973843
F2350,0.0004487165603987678
F2122,0.000448387511907644
F807,0.0004473417560058079
F2209,0.00043629637159853853
F1843,0.0004354234794066399
F1848,0.00042978113172222385
F1935,0.00042949005401175653
F158,0.0004281906157027471
F1706,0.00042742654840756557
F2366,0.00042276011550361237
F1049,0.0004214977688884587
F2236,0.00042134177751611485
F764,0.0004170925485784501
F804,0.0004166958292197105
F2003,0.000414065940076012
F1446,0.00041316203675615483
F1371,0.000411062739066693
F1871,0.00040998565850627053
F783,0.00040605679838117944
F1915,0.0003979043770413046
F663,0.0003961234103554218
F1766,0.00039600397540747747
F704,0.00039372327871251814
F1205,0.0003891826036287141
F46,0.0003865566779956793
F2099,0.0003823535427240063
F2119,0.0003805278670142069
F2165,0.00037746128278635585
F700,0.0003730637682903226
F15,0.0003691032227797816
F1363,0.00036327411592165673
F1702,0.0003565738316247415
F1376,0.0003561413996657749
F1396,0.00034620825624181117
F1620,0.00034595867890530057
F2192,0.0003431105916631344
F460,0.00034124049785260574
F1977,0.00034024556881553794
F1806,0.0003391020235737484
F1914,0.00033836753076671986
F709,0.0003379805085124936
F1841,0.00033528142454607846
F645,0.00033496051475202326
F2114,0.00033315348291010474
F1825,0.00033237314483808744
F818,0.00033153721443705673
F2220,0.00033054077775232586
F1500,0.00032569743204741234
F1280,0.00032439015725699923
F1179,0.0003193641368327726
F1900,0.0003180775443608602
F794,0.00031069054074215523
F1206,0.0003099567920350948
F1424,0.00030741224629196807
F1579,0.00030581387617411584
F1869,0.0003047191689521089
F1622,0.0003021996071309716
F1221,0.0002998324425751388
F1810,0.0002945035103981171
F1835,0.0002936435503816585
F2184,0.00029181160184078413
F302,0.00028950605193535996
F1826,0.00028911280543445053
F2242,0.0002883600610481265
F1293,0.000287434966063267
F1770,0.00028265560002839983
F1224,0.00028021574297206457
F755,0.0002761939449606518
F317,0.00027395430469742693
F1352,0.0002736959205590285
F1270,0.0002696473325839497
F1502,0.00026802154729373693
F1492,0.00026782725153970605
F1473,0.00026619133305166
F1436,0.0002646168640946609
F298,0.0002626896942853551
F1254,0.00026215263684991366
F2174,0.00026215075732352285
F250,0.000260670433420629
F282,0.0002594424414633938
F2073,0.0002573797202584274
F2112,0.0002566904700320275
F2367,0.00025581158486701305
F1155,0.00025325953456095863
F1478,0.00025065600494023906
F278,0.0002501476637583289
F1104,0.0002486846583887574
F1084,0.00024290118142464423
F1267,0.00024225430944039807
F2038,0.00023929806548349478
F2275,0.00023909598521632298
F2134,0.00023849115084628605
F1440,0.00023836446347202524
F2370,0.00023630164820139933
F1456,0.00023557942953117463
F1834,0.00023484530248794595
F1326,0.00023232440058102298
F1779,0.00022721301053098438
F285,0.0002270756877650925
F996,0.00022528024923746306
F626,0.0002236566575363816
F1732,0.00022257584251097746
F1469,0.0002197487521672586
F1610,0.0002187547561774826
F1855,0.00021589776012862755
F1192,0.00021196247743049588
F1691,0.00020884841637190565
F1682,0.00020665553409653418
F2024,0.00020392463680642787
F269,0.00020221581834523744
F1535,0.0002009637157819667
F2196,0.00020039678618294463
F1890,0.00019954191489634964
F2139,0.00019910331939353615
F2029,0.00019561313412901632
F1625,0.00019378997840450673
F694,0.00019223091269004964
F1304,0.00019156944046409656
F2176,0.0001908373033123475
F1945,0.00018756292791987826
F171,0.0001868041815230621
F1904,0.00018323759710265686
F1930,0.00018167290627427673
F2254,0.0001813329373960747
F1194,0.00018127168723124386
F834,0.0001788293483710585
F1536,0.00017823463622774392
F739,0.00017740370926217557
F2214,0.00017707137272065173
F1754,0.00017666374578032554
F2201,0.0001762035485931546
F2023,0.00017061126000976771
F1580,0.000170081071492858
F1990,0.00016970934263417885
F868,0.00016901187103968203
F475,0.00016869102017964512
F2232,0.00016823034609328932
F2055,0.00016507074642558236
F805,0.00016320763112429468
F2259,0.000161644201188077
F1365,0.00016131815578548735
F2290,0.00015788628274997668
F1332,0.0001578694414425876
F180,0.00015745763701777193
F1407,0.00015739112037840155
F1213,0.00015538451149735497
F1083,0.00015538312408593967
F1807,0.00015414917553799532
F1490,0.0001523301703722778
F1498,0.00015099741307664065
F1472,0.0001498746230057163
F1484,0.0001475492362188233
F1647,0.00014545635679349674
F2278,0.00014327608930081014
F754,0.00014261969842776804
F1047,0.0001408771497186027
F1925,0.00013892590879841136
F1629,0.00013819479305485436
F1898,0.0001375229274555397
F2150,0.00013670036016775973
F2349,0.0001329701852675639
F1361,0.0001328078650128571
F1262,0.00013256874377161137
F1996,0.0001324111307536263
F1575,0.00013011197318814382
F1208,0.00012852133982823937
F1963,0.00012837879816910986
F1249,0.0001271065779156289
F813,0.00012660078149504184
F1007,0.00012611582113622742
F1200,0.0001260698117687651
F1991,0.00012442913016715484
F801,0.00012178424297154577
F1162,0.00012063935291604538
F2206,0.00011925404691893259
F2299,0.00011878813577784592
F2266,0.0001180518735557642
F1445,0.00011479500880820369
F1391,0.00011470626777741298
F1229,0.00011469389078361864
F1926,0.00011380042795755965
F1901,0.00011280225625147448
F281,0.00011031963703037303
F2132,0.00011015865006591772
F1329,0.00011004250183409094
F1485,0.00011000416307981663
F2282,0.0001086464774825345
F691,0.00010842789285914633
F1592,0.0001067328799731736
F1507,0.00010665112884410649
F725,0.00010561981456318595
F2230,0.00010446778957583957
F1707,0.00010429277036589286
F1788,0.00010368108025444254
F1222,0.00010320942762175058
F1423,0.00010285268847691333
F1069,0.00010123477392163793
F1434,9.94830039214434e-05
F2056,9.720618414671867e-05
F1952,9.598650329773889e-05
F1256,9.502637994140867e-05
F702,9.488346766471737e-05
F707,9.486284715832742e-05
F1343,9.460314733509934e-05
F1576,9.435086445957925e-05
F277,9.272114942218175e-05
F1056,9.064243697920857e-05
F1075,9.021830422966142e-05
F1234,8.918683994860941e-05
F1868,8.782903594608819e-05
F710,8.555897175149922e-05
F809,8.542387541600822e-05
F2303,8.219445125344048e-05
F1375,8.192913389177817e-05
F1430,8.150753140020238e-05
F1271,8.087759421981019e-05
F2341,8.087042925200288e-05
F2082,7.863429971459713e-05
F1585,7.71308610715545e-05
F972,7.51581796862494e-05
F2050,7.177913306803102e-05
F2138,7.164039021434184e-05
F1606,6.8776259034917e-05
F1776,6.604302131831912e-05
F1139,6.60372860093085e-05
F1844,6.51851684756323e-05
F1428,6.508934711700139e-05
F1908,6.45591807849563e-05
F1795,6.445724850948291e-05
F1792,6.38669262587535e-05
F729,6.377310153564141e-05
F1300,6.272342625946168e-05
F1269,6.119820453583868e-05
F2013,6.114847231105153e-05
F1357,6.0124295477284413e-05
F1913,5.785359544258984e-05
F1777,5.768774073227509e-05
F1228,5.7166786889468e-05
F1693,5.641533017815111e-05
F769,5.559341505991895e-05
F1314,5.5311431336168076e-05
F1714,5.517560694803574e-05
F1886,5.456356256913783e-05
F2260,5.257004508500041e-05
F1805,5.248547792934905e-05
F746,5.1802311670749596e-05
F1802,5.158035259326344e-05
F719,5.0338147505987356e-05
F2294,5.025500228632546e-05
F1341,4.883523264446714e-05
F2326,4.511141795437773e-05
F790,4.1613293995623964e-05
F2077,4.154604900306661e-05
F841,3.9829671091751635e-05
F701,3.928932243635504e-05
F732,3.7303695487410554e-05
F2028,3.5432560009089484e-05
F817,3.446101913746795e-05
F2345,3.432982766921405e-05
F2339,3.362143145561021e-05
F1479,3.2632693021021505e-05
F2105,3.016829651443017e-05
F1199,2.967802476091561e-05
F165,2.9206090375944136e-05
F1726,2.8576614384488795e-05
F1283,2.7693105346201483e-05
F840,2.649802448534624e-05
F1433,2.568315292828297e-05
F1574,2.5186235939489784e-05
F751,2.4199858484040505e-05
F1972,1.9901333113831144e-05
F723,1.9532601312112613e-05
F775,1.7719802363592824e-05
F1274,1.4454100041085627e-05
F777,1.2881405669516704e-05
F738,1.2180202129057429e-05
F793,9.689252291876121e-06
F1653,9.391282824793003e-06
F1010,0.0
F1009,0.0
F1008,0.0
F1006,0.0
F2351,0.0
F1380,0.0
F2305,0.0
F2306,0.0
F2342,0.0
F2347,0.0
F1029,0.0
F1028,0.0
F2317,0.0
F2316,0.0
F2315,0.0
F2314,0.0
F2313,0.0
F2312,0.0
F2311,0.0
F2310,0.0
F2309,0.0
F2308,0.0
F2307,0.0
F2321,0.0
F1379,0.0
F1374,0.0
F1408,0.0
F1406,0.0
F1404,0.0
F1403,0.0
F1402,0.0
F1398,0.0
F1397,0.0
F1393,0.0
F1422,0.0
F1421,0.0
F1420,0.0
F1416,0.0
F1414,0.0
F1370,0.0
F1368,0.0
F1366,0.0
F1360,0.0
F1359,0.0
F1358,0.0
F1390,0.0
F1389,0.0
F1410,0.0
F1409,0.0
F1442,0.0
F1441,0.0
F1435,0.0
F1429,0.0
F1427,0.0
F913,0.0
F912,0.0
F911,0.0
F910,0.0
F909,0.0
F908,0.0
F906,0.0
F905,0.0
F904,0.0
F903,0.0
F902,0.0
F901,0.0
F900,0.0
F899,0.0
F898,0.0
F1459,0.0
F1457,0.0
F1455,0.0
F1454,0.0
F1453,0.0
F1451,0.0
F1449,0.0
F1447,0.0
F1443,0.0
F1475,0.0
F1474,0.0
F930,0.0
F928,0.0
F927,0.0
F926,0.0
F925,0.0
F924,0.0
F923,0.0
F921,0.0
F920,0.0
F919,0.0
F918,0.0
F916,0.0
F915,0.0
F914,0.0
F1471,0.0
F1468,0.0
F1466,0.0
F1463,0.0
F1462,0.0
F1460,0.0
F1491,0.0
F1489,0.0
F1488,0.0
F1487,0.0
F1486,0.0
F1483,0.0
F1476,0.0
F1509,0.0
F1505,0.0
F1504,0.0
F1503,0.0
F1501,0.0
F1499,0.0
F1497,0.0
F1494,0.0
F1493,0.0
F897,0.0
F896,0.0
F895,0.0
F893,0.0
F892,0.0
F891,0.0
F890,0.0
F889,0.0
F888,0.0
F887,0.0
F886,0.0
F884,0.0
F882,0.0
F881,0.0
F1514,0.0
F1513,0.0
F1511,0.0
F1510,0.0
F1532,0.0
F1531,0.0
F1530,0.0
F1528,0.0
F1522,0.0
F1520,0.0
F1519,0.0
F1518,0.0
F1516,0.0
F880,0.0
F879,0.0
F878,0.0
F877,0.0
F876,0.0
F875,0.0
F874,0.0
F873,0.0
F872,0.0
F870,0.0
F869,0.0
F867,0.0
F866,0.0
F865,0.0
F1550,0.0
F1337,0.0
F1336,0.0
F1335,0.0
F1333,0.0
F1331,0.0
F1356,0.0
F1355,0.0
F1354,0.0
F1351,0.0
F1350,0.0
F1349,0.0
F1347,0.0
F1549,0.0
F1548,0.0
F1545,0.0
F1544,0.0
F1543,0.0
F1539,0.0
F1537,0.0
F1568,0.0
F1564,0.0
F1563,0.0
F1323,0.0
F1322,0.0
F1321,0.0
F1320,0.0
F1319,0.0
F1318,0.0
F1315,0.0
F1344,0.0
F1340,0.0
F1556,0.0
F1553,0.0
F1552,0.0
F1551,0.0
F1584,0.0
F1583,0.0
F1578,0.0
F1577,0.0
F1573,0.0
F1571,0.0
F1569,0.0
F1603,0.0
F1601,0.0
F1600,0.0
F1599,0.0
F1597,0.0
F1596,0.0
F1595,0.0
F1593,0.0
F1591,0.0
F1590,0.0
F1588,0.0
F1587,0.0
F1586,0.0
F864,0.0
F862,0.0
F861,0.0
F860,0.0
F859,0.0
F858,0.0
F857,0.0
F856,0.0
F855,0.0
F854,0.0
F853,0.0
F852,0.0
F851,0.0
F850,0.0
F849,0.0
F1619,0.0
F1618,0.0
F1617,0.0
F1616,0.0
F1613,0.0
F1612,0.0
F1608,0.0
F1607,0.0
F1605,0.0
F1636,0.0
F1634,0.0
F1632,0.0
F944,0.0
F943,0.0
F942,0.0
F940,0.0
F939,0.0
F938,0.0
F937,0.0
F936,0.0
F935,0.0
F934,0.0
F933,0.0
F932,0.0
F1327,0.0
F1631,0.0
F1630,0.0
F1628,0.0
F1627,0.0
F1624,0.0
F1623,0.0
F1621,0.0
F1652,0.0
F1651,0.0
F1648,0.0
F1645,0.0
F1642,0.0
F1641,0.0
F1639,0.0
F1638,0.0
F1637,0.0
F1666,0.0
F1663,0.0
F1659,0.0
F1658,0.0
F1657,0.0
F1656,0.0
F1655,0.0
F1654,0.0
F848,0.0
F847,0.0
F846,0.0
F845,0.0
F843,0.0
F842,0.0
F839,0.0
F838,0.0
F831,0.0
F830,0.0
F1286,0.0
F1285,0.0
F1282,0.0
F1312,0.0
F1311,0.0
F1307,0.0
F1305,0.0
F1302,0.0
F1301,0.0
F947,0.0
F946,0.0
F1681,0.0
F1678,0.0
F1677,0.0
F1675,0.0
F1674,0.0
F1673,0.0
F1672,0.0
F1671,0.0
F827,0.0
F1701,0.0
F1700,0.0
F1699,0.0
F1695,0.0
F1692,0.0
F1689,0.0
F1688,0.0
F1687,0.0
F1685,0.0
F1718,0.0
F1717,0.0
F1715,0.0
F1272,0.0
F1266,0.0
F1296,0.0
F1295,0.0
F1294,0.0
F1292,0.0
F1291,0.0
F1289,0.0
F1288,0.0
F1712,0.0
F1711,0.0
F1710,0.0
F1705,0.0
F1704,0.0
F1736,0.0
F1731,0.0
F1730,0.0
F1729,0.0
F1724,0.0
F1721,0.0
F1719,0.0
F824,0.0
F822,0.0
F820,0.0
F819,0.0
F816,0.0
F814,0.0
F812,0.0
F1265,0.0
F1261,0.0
F1260,0.0
F1259,0.0
F1258,0.0
F1257,0.0
F1278,0.0
F1276,0.0
F1273,0.0
F1749,0.0
F1747,0.0
F1746,0.0
F1745,0.0
F1744,0.0
F1741,0.0
F1740,0.0
F1738,0.0
F1768,0.0
F1767,0.0
F1765,0.0
F1763,0.0
F1761,0.0
F1760,0.0
F1759,0.0
F1756,0.0
F1755,0.0
F1784,0.0
F1782,0.0
F1233,0.0
F1232,0.0
F1231,0.0
F963,0.0
F962,0.0
F961,0.0
F960,0.0
F958,0.0
F957,0.0
F956,0.0
F954,0.0
F953,0.0
F951,0.0
F950,0.0
F949,0.0
F948,0.0
F1775,0.0
F1773,0.0
F1772,0.0
F1771,0.0
F1769,0.0
F1798,0.0
F1797,0.0
F1796,0.0
F1791,0.0
F1790,0.0
F1786,0.0
F1785,0.0
F803,0.0
F797,0.0
F796,0.0
F795,0.0
F792,0.0
F789,0.0
F1220,0.0
F1219,0.0
F1217,0.0
F1215,0.0
F1214,0.0
F1248,0.0
F1245,0.0
F1244,0.0
F1243,0.0
F1241,0.0
F1240,0.0
F1239,0.0
F1238,0.0
F1235,0.0
F1815,0.0
F1814,0.0
F1809,0.0
F1808,0.0
F1801,0.0
F1832,0.0
F1828,0.0
F1822,0.0
F781,0.0
F780,0.0
F774,0.0
F773,0.0
F770,0.0
F768,0.0
F767,0.0
F765,0.0
F1203,0.0
F1201,0.0
F1198,0.0
F1197,0.0
F1230,0.0
F1227,0.0
F1225,0.0
F1223,0.0
F1847,0.0
F1845,0.0
F1842,0.0
F1840,0.0
F1838,0.0
F1836,0.0
F762,0.0
F966,0.0
F1196,0.0
F1195,0.0
F1193,0.0
F1190,0.0
F1189,0.0
F1188,0.0
F1209,0.0
F1207,0.0
F1864,0.0
F1863,0.0
F1862,0.0
F1861,0.0
F1860,0.0
F1858,0.0
F1856,0.0
F1853,0.0
F1851,0.0
F1878,0.0
F1876,0.0
F1875,0.0
F1874,0.0
F1873,0.0
F1872,0.0
F1870,0.0
F1896,0.0
F1894,0.0
F1893,0.0
F1892,0.0
F1891,0.0
F1889,0.0
F1885,0.0
F1883,0.0
F1882,0.0
F1881,0.0
F756,0.0
F753,0.0
F2338,0.0
F750,0.0
F745,0.0
F743,0.0
F742,0.0
F1912,0.0
F1177,0.0
F1176,0.0
F1174,0.0
F1173,0.0
F1172,0.0
F981,0.0
F980,0.0
F979,0.0
F978,0.0
F977,0.0
F975,0.0
F971,0.0
F970,0.0
F968,0.0
F967,0.0
F1911,0.0
F1910,0.0
F1909,0.0
F1907,0.0
F1905,0.0
F1903,0.0
F1927,0.0
F1924,0.0
F1160,0.0
F1159,0.0
F1158,0.0
F1157,0.0
F1154,0.0
F1187,0.0
F1186,0.0
F1185,0.0
F1183,0.0
F1182,0.0
F1181,0.0
F1180,0.0
F1178,0.0
F1923,0.0
F1920,0.0
F1917,0.0
F1916,0.0
F741,0.0
F2337,0.0
F733,0.0
F731,0.0
F730,0.0
F727,0.0
F724,0.0
F2369,0.0
F721,0.0
F720,0.0
F718,0.0
F717,0.0
F715,0.0
F714,0.0
F712,0.0
F1948,0.0
F1947,0.0
F1944,0.0
F1940,0.0
F1939,0.0
F1936,0.0
F1933,0.0
F1932,0.0
F1965,0.0
F1964,0.0
F1147,0.0
F1146,0.0
F1143,0.0
F1142,0.0
F1141,0.0
F1140,0.0
F1138,0.0
F1137,0.0
F1171,0.0
F1170,0.0
F1168,0.0
F1166,0.0
F1165,0.0
F1164,0.0
F1962,0.0
F1961,0.0
F1960,0.0
F1958,0.0
F1957,0.0
F1956,0.0
F1955,0.0
F1954,0.0
F1953,0.0
F1951,0.0
F1981,0.0
F1980,0.0
F1979,0.0
F1976,0.0
F1975,0.0
F1973,0.0
F2368,0.0
F1971,0.0
F1970,0.0
F1969,0.0
F1967,0.0
F1966,0.0
F1993,0.0
F1992,0.0
F1988,0.0
F1987,0.0
F1984,0.0
F1983,0.0
F1982,0.0
F703,0.0
F697,0.0
F695,0.0
F2008,0.0
F1130,0.0
F1129,0.0
F1128,0.0
F1127,0.0
F1126,0.0
F1125,0.0
F1124,0.0
F1123,0.0
F1122,0.0
F1121,0.0
F1153,0.0
F1152,0.0
F1151,0.0
F1150,0.0
F1149,0.0
F1148,0.0
F2006,0.0
F2004,0.0
F2001,0.0
F1998,0.0
F677,0.0
F676,0.0
F675,0.0
F674,0.0
F673,0.0
F672,0.0
F671,0.0
F670,0.0
F669,0.0
F2030,0.0
F2025,0.0
F2022,0.0
F2020,0.0
F2018,0.0
F2017,0.0
F2016,0.0
F2015,0.0
F668,0.0
F667,0.0
F665,0.0
F2047,0.0
F2046,0.0
F2045,0.0
F2044,0.0
F2043,0.0
F2042,0.0
F2041,0.0
F2037,0.0
F2036,0.0
F2034,0.0
F2033,0.0
F2032,0.0
F2063,0.0
F2062,0.0
F2060,0.0
F2078,0.0
F2076,0.0
F2075,0.0
F2070,0.0
F2069,0.0
F2068,0.0
F2067,0.0
F2066,0.0
F1114,0.0
F1113,0.0
F1111,0.0
F1110,0.0
F1109,0.0
F1108,0.0
F1107,0.0
F1106,0.0
F1105,0.0
F1136,0.0
F1135,0.0
F1134,0.0
F1133,0.0
F1132,0.0
F1131,0.0
F2065,0.0
F664,0.0
F662,0.0
F660,0.0
F658,0.0
F654,0.0
F653,0.0
F652,0.0
F651,0.0
F650,0.0
F649,0.0
F648,0.0
F647,0.0
F646,0.0
F2089,0.0
F2088,0.0
F2087,0.0
F2084,0.0
F2083,0.0
F639,0.0
F637,0.0
F636,0.0
F635,0.0
F634,0.0
F632,0.0
F631,0.0
F630,0.0
F629,0.0
F628,0.0
F622,0.0
F2106,0.0
F1011,0.0
F2104,0.0
F2103,0.0
F2101,0.0
F2097,0.0
F1098,0.0
F1097,0.0
F1095,0.0
F1094,0.0
F1093,0.0
F1092,0.0
F1091,0.0
F1090,0.0
F1089,0.0
F1088,0.0
F1120,0.0
F1119,0.0
F1118,0.0
F1117,0.0
F1116,0.0
F1115,0.0
F2126,0.0
F2125,0.0
F2124,0.0
F2123,0.0
F2121,0.0
F2120,0.0
F2117,0.0
F2113,0.0
F2140,0.0
F2137,0.0
F2135,0.0
F2133,0.0
F2131,0.0
F2129,0.0
F2127,0.0
F2158,0.0
F2156,0.0
F2154,0.0
F2153,0.0
F2152,0.0
F1082,0.0
F1081,0.0
F1080,0.0
F1079,0.0
F1077,0.0
F1076,0.0
F1073,0.0
F1072,0.0
F1103,0.0
F1102,0.0
F1101,0.0
F1100,0.0
F1099,0.0
F2149,0.0
F2148,0.0
F2147,0.0
F2145,0.0
F2144,0.0
F271,0.0
F2177,0.0
F2175,0.0
F2171,0.0
F2170,0.0
F2168,0.0
F2167,0.0
F2166,0.0
F2164,0.0
F2161,0.0
F294,0.0
F1068,0.0
F1067,0.0
F1065,0.0
F1064,0.0
F1063,0.0
F1059,0.0
F1058,0.0
F1057,0.0
F1055,0.0
F1054,0.0
F1087,0.0
F1086,0.0
F1085,0.0
F2187,0.0
F2186,0.0
F2183,0.0
F2182,0.0
F2181,0.0
F2180,0.0
F2178,0.0
F1052,0.0
F1051,0.0
F1048,0.0
F1046,0.0
F1045,0.0
F1043,0.0
F1042,0.0
F1041,0.0
F1039,0.0
F1037,0.0
F1071,0.0
F1070,0.0
F2204,0.0
F2203,0.0
F2199,0.0
F2198,0.0
F2197,0.0
F2194,0.0
F2193,0.0
F2191,0.0
F2221,0.0
F2219,0.0
F2217,0.0
F2212,0.0
F2210,0.0
F2208,0.0
F2207,0.0
F2240,0.0
F1032,0.0
F998,0.0
F994,0.0
F993,0.0
F992,0.0
F991,0.0
F990,0.0
F989,0.0
F988,0.0
F986,0.0
F985,0.0
F984,0.0
F983,0.0
F1053,0.0
F2239,0.0
F2235,0.0
F2234,0.0
F2233,0.0
F2231,0.0
F2229,0.0
F2228,0.0
F2227,0.0
F2225,0.0
F2224,0.0
F2256,0.0
F2255,0.0
F2253,0.0
F2251,0.0
F2250,0.0
F2249,0.0
F2248,0.0
F2247,0.0
F2246,0.0
F2245,0.0
F2244,0.0
F2243,0.0
F2241,0.0
F2272,0.0
F2271,0.0
F2270,0.0
F2269,0.0
F2268,0.0
F2267,0.0
F2264,0.0
F2263,0.0
F2262,0.0
F2261,0.0
F2258,0.0
F2257,0.0
F2288,0.0
F2287,0.0
F2286,0.0
F2285,0.0
F2284,0.0
F2281,0.0
F2280,0.0
F2279,0.0
F2277,0.0
F2276,0.0
F2274,0.0
F2273,0.0
F1027,0.0
F1026,0.0
F1024,0.0
F1023,0.0
F1022,0.0
F1021,0.0
F1020,0.0
F1019,0.0
F1018,0.0
F1017,0.0
F1016,0.0
F1036,0.0
F1035,0.0
F1034,0.0
F1033,0.0
F2304,0.0
F2300,0.0
F2298,0.0
F2297,0.0
F2296,0.0
F2292,0.0
F2291,0.0
F2289,0.0
F2320,0.0
F2318,0.0
F2380,0.0
F1005,0.0
F1014,0.0
F1013,0.0
F2333,0.0
F2332,0.0
F2331,0.0
F2330,0.0
F2329,0.0
F2328,0.0
F2346,0.0
F1015,0.0
F2325,0.0
F2324,0.0
F2323,0.0
F2322,0.0
F2343,0.0
F2344,0.0
F1003,0.0
F1002,0.0
F1001,0.0
F1000,0.0
F999,0.0
F1031,0.0
F2336,0.0
F2335,0.0
F2334,0.0
F1387,0.0
F1386,0.0
F1385,0.0
F1383,0.0
F1382,0.0
F2340,0.0
